{"243": {"wordpress_user_name": "roger", "title": "IMAG0006", "date_utc": "2012-08-22 09:39:33", "files_meta": [{"height": 333, "width": 500, "meta": {"camera": "HTC Wildfire S A510e", "created_timestamp": 1345456796.0, "focal_length": 3.53, "iso": 165.0}}, {"height": 199, "size": "medium", "width": 300}, {"height": 150, "size": "thumbnail", "width": 150}], "files": ["/wp-content/uploads/2012/08/IMAG0006.jpg", "/wp-content/uploads/2012/08/IMAG0006-300x199.jpg", "/wp-content/uploads/2012/08/IMAG0006-150x150.jpg"]}}